create table t1 (a int, c int, key (a, c desc));
insert into t1 values (1, 9), (1, 6), (1, 3);
explain SELECT MAX(c), MIN(c) FROM t1 group by a;
id	select_type	table	type	possible_keys	key	key_len	ref	rows	Extra
1	SIMPLE	t1	range	NULL	a	10	NULL	3	Using index for group-by
SELECT MAX(c), MIN(c) FROM t1 group by a;
MAX(c)	MIN(c)
9	3
drop table t1;
